annual_income,credit_score,debt_to_income_ratio,zip_code_zone,approved
72328,628,0.59,Zone_B,0
179931,574,0.41,Zone_B,0
129506,707,0.57,Zone_A,0
114408,560,0.58,Zone_B,0
163852,648,0.2,Zone_A,1
66708,615,0.26,Zone_B,0
58847,666,0.48,Zone_A,1
95989,744,0.53,Zone_B,0
165383,641,0.36,Zone_B,0
44922,705,0.6,Zone_B,0
92335,739,0.11,Zone_B,0
166913,631,0.25,Zone_B,0
184613,633,0.41,Zone_A,1
59551,790,0.33,Zone_B,0
190453,674,0.16,Zone_B,0
153319,721,0.28,Zone_B,0
95673,720,0.11,Zone_A,1
141531,584,0.42,Zone_B,0
62948,619,0.55,Zone_A,1
132264,710,0.54,Zone_B,0
99072,515,0.45,Zone_A,1
107560,663,0.33,Zone_B,1
173558,611,0.36,Zone_B,0
106691,769,0.17,Zone_A,0
181154,708,0.27,Zone_B,0
142781,775,0.19,Zone_A,1
124105,677,0.51,Zone_B,0
47086,671,0.56,Zone_B,0
167818,656,0.37,Zone_A,1
107853,640,0.46,Zone_B,0
141925,850,0.16,Zone_A,1
110027,745,0.4,Zone_A,0
55916,595,0.45,Zone_B,0
55248,850,0.33,Zone_B,0
64226,648,0.22,Zone_B,1
196097,706,0.54,Zone_A,1
88380,755,0.47,Zone_A,1
47848,557,0.55,Zone_B,0
54274,614,0.51,Zone_A,0
94545,812,0.6,Zone_A,0
136494,662,0.2,Zone_A,0
155981,760,0.14,Zone_A,1
56304,644,0.27,Zone_B,0
51294,672,0.16,Zone_B,1
66425,823,0.36,Zone_B,1
150777,715,0.42,Zone_A,1
180497,652,0.39,Zone_A,0
131549,625,0.23,Zone_A,1
133464,633,0.55,Zone_A,1
146748,779,0.11,Zone_B,1
108295,741,0.27,Zone_A,1
56091,588,0.46,Zone_A,1
159943,687,0.48,Zone_B,1
171074,675,0.31,Zone_B,0
90411,705,0.11,Zone_B,0
135696,632,0.41,Zone_A,1
191779,768,0.13,Zone_A,1
186320,680,0.15,Zone_A,1
111309,710,0.43,Zone_A,0
186109,617,0.26,Zone_A,1
107421,621,0.27,Zone_A,0
80612,850,0.34,Zone_B,0
53450,824,0.59,Zone_A,0
49491,674,0.58,Zone_B,1
157026,803,0.31,Zone_B,0
114804,777,0.23,Zone_B,1
133293,630,0.25,Zone_A,1
159498,622,0.23,Zone_A,1
177863,733,0.37,Zone_B,0
145475,701,0.4,Zone_A,0
68314,648,0.34,Zone_A,1
91883,738,0.3,Zone_B,0
127086,565,0.21,Zone_A,0
141291,689,0.34,Zone_A,1
49967,581,0.27,Zone_A,1
83220,584,0.37,Zone_A,1
176019,623,0.44,Zone_B,0
96131,709,0.42,Zone_B,0
68876,626,0.33,Zone_A,0
141448,583,0.38,Zone_A,1
191043,718,0.24,Zone_A,1
89228,799,0.11,Zone_B,1
114495,731,0.41,Zone_A,1
68261,824,0.23,Zone_A,1
146601,793,0.43,Zone_B,1
101260,641,0.47,Zone_A,0
174418,731,0.56,Zone_B,0
96176,673,0.58,Zone_A,0
92300,765,0.11,Zone_B,0
182412,673,0.6,Zone_A,0
73012,617,0.44,Zone_A,0
142153,790,0.42,Zone_B,0
196629,705,0.11,Zone_B,1
113273,627,0.53,Zone_B,0
152328,640,0.17,Zone_B,0
150304,626,0.52,Zone_B,0
146637,600,0.11,Zone_A,1
188348,642,0.42,Zone_B,0
94639,710,0.32,Zone_B,1
161939,685,0.2,Zone_B,0
47310,645,0.15,Zone_B,1
142944,800,0.32,Zone_A,1
181463,519,0.16,Zone_A,1
162013,704,0.34,Zone_A,1
181964,669,0.41,Zone_A,1
116733,602,0.51,Zone_A,0
149264,709,0.44,Zone_B,0
119071,662,0.13,Zone_A,1
162611,780,0.25,Zone_A,1
110658,749,0.24,Zone_B,0
49852,832,0.56,Zone_B,1
45387,641,0.53,Zone_A,0
167571,792,0.29,Zone_A,1
137295,587,0.14,Zone_B,1
170381,671,0.55,Zone_A,0
79994,643,0.54,Zone_B,0
156912,728,0.53,Zone_B,1
171632,726,0.52,Zone_A,1
164210,608,0.34,Zone_A,1
96565,733,0.19,Zone_A,1
41312,650,0.34,Zone_B,0
189277,615,0.35,Zone_B,1
165882,679,0.34,Zone_A,1
182667,562,0.37,Zone_A,1
127566,755,0.23,Zone_A,1
61329,676,0.28,Zone_B,0
108187,677,0.32,Zone_B,0
115542,673,0.17,Zone_B,1
148237,812,0.33,Zone_A,1
154476,802,0.51,Zone_B,0
75645,788,0.51,Zone_B,0
127502,673,0.31,Zone_A,1
127310,591,0.36,Zone_B,0
109619,679,0.12,Zone_A,1
73513,705,0.44,Zone_B,1
48749,745,0.3,Zone_A,0
100645,705,0.32,Zone_A,0
93175,598,0.54,Zone_B,0
188395,637,0.33,Zone_A,1
90762,630,0.11,Zone_B,0
104222,723,0.21,Zone_A,0
52213,725,0.34,Zone_A,0
137367,736,0.31,Zone_A,1
198785,704,0.53,Zone_B,0
147157,515,0.37,Zone_A,1
72583,542,0.44,Zone_A,0
168792,669,0.33,Zone_B,0
119944,688,0.32,Zone_A,0
62369,780,0.32,Zone_A,1
155844,686,0.31,Zone_A,1
59510,602,0.37,Zone_A,1
52120,733,0.23,Zone_B,0
139847,679,0.55,Zone_A,1
138575,648,0.27,Zone_A,1
169269,551,0.17,Zone_B,1
45295,687,0.15,Zone_A,1
60460,698,0.11,Zone_A,0
54963,600,0.31,Zone_B,0
117116,740,0.19,Zone_B,1
67328,732,0.11,Zone_B,1
124629,684,0.36,Zone_B,0
164034,681,0.44,Zone_A,1
61605,756,0.14,Zone_B,0
150901,709,0.33,Zone_A,1
148241,624,0.47,Zone_B,0
87598,664,0.59,Zone_A,0
112258,725,0.43,Zone_B,1
80969,517,0.22,Zone_B,0
102784,605,0.46,Zone_A,1
187000,735,0.4,Zone_B,0
61274,777,0.21,Zone_B,0
169994,762,0.53,Zone_B,0
74416,751,0.31,Zone_A,0
140434,690,0.58,Zone_B,0
91310,598,0.46,Zone_B,0
120758,664,0.42,Zone_A,1
183435,521,0.46,Zone_A,0
70628,784,0.34,Zone_B,0
109672,615,0.35,Zone_A,0
86246,637,0.53,Zone_A,0
182233,765,0.44,Zone_A,0
129110,551,0.55,Zone_B,0
42810,585,0.55,Zone_B,0
111688,701,0.59,Zone_A,1
105548,722,0.45,Zone_B,0
51162,674,0.35,Zone_A,1
127858,677,0.18,Zone_B,1
113535,781,0.45,Zone_A,0
178291,731,0.25,Zone_B,1
110864,720,0.24,Zone_A,1
174693,742,0.22,Zone_B,1
158371,656,0.54,Zone_B,0
129792,850,0.53,Zone_A,0
106188,495,0.42,Zone_B,0
121718,797,0.34,Zone_B,1
76558,752,0.44,Zone_B,0
168938,700,0.4,Zone_B,1
186731,686,0.31,Zone_B,0
74413,668,0.29,Zone_B,0
50435,768,0.29,Zone_B,0
68067,677,0.39,Zone_B,0
127794,622,0.42,Zone_A,1
133823,752,0.33,Zone_B,0
109224,807,0.58,Zone_A,1
41379,526,0.14,Zone_B,0
142547,850,0.27,Zone_A,1
148541,597,0.31,Zone_B,0
198696,603,0.11,Zone_A,1
154634,580,0.28,Zone_A,1
168701,680,0.24,Zone_B,0
97745,578,0.35,Zone_A,0
143915,587,0.27,Zone_B,1
183588,625,0.46,Zone_B,0
169560,691,0.35,Zone_A,0
195915,699,0.16,Zone_B,1
176984,779,0.48,Zone_A,1
192586,777,0.15,Zone_A,1
199869,762,0.52,Zone_B,0
177521,659,0.57,Zone_B,0
172797,533,0.26,Zone_B,1
121406,531,0.56,Zone_B,0
49304,761,0.5,Zone_B,0
165555,748,0.56,Zone_A,0
184735,631,0.43,Zone_A,0
110320,565,0.22,Zone_B,1
134488,596,0.55,Zone_B,0
115591,694,0.19,Zone_B,1
135044,694,0.21,Zone_A,1
183748,763,0.24,Zone_A,1
65192,644,0.25,Zone_A,1
195794,660,0.36,Zone_B,1
178518,770,0.46,Zone_B,1
159304,510,0.56,Zone_A,1
175797,705,0.14,Zone_B,0
128207,653,0.58,Zone_B,0
113741,737,0.56,Zone_A,1
56365,721,0.13,Zone_A,0
105792,624,0.28,Zone_B,0
186776,639,0.51,Zone_A,0
90575,496,0.41,Zone_B,0
159641,740,0.49,Zone_A,1
172267,699,0.46,Zone_A,0
93517,792,0.35,Zone_B,1
74012,648,0.12,Zone_B,0
182487,753,0.39,Zone_A,0
61686,594,0.12,Zone_B,0
199815,464,0.4,Zone_A,1
72161,672,0.5,Zone_B,0
42402,635,0.39,Zone_A,1
103190,596,0.6,Zone_A,0
53275,752,0.33,Zone_A,1
199254,777,0.47,Zone_B,0
54915,688,0.43,Zone_A,1
40909,665,0.6,Zone_A,1
154110,685,0.46,Zone_A,1
105908,628,0.18,Zone_A,1
167337,725,0.58,Zone_B,0
62620,557,0.43,Zone_B,1
74112,594,0.13,Zone_A,0
42431,617,0.43,Zone_A,0
126590,723,0.54,Zone_B,0
102175,656,0.39,Zone_A,0
157472,789,0.28,Zone_B,1
72624,744,0.51,Zone_A,1
101264,616,0.49,Zone_B,0
153766,731,0.37,Zone_A,1
172767,647,0.18,Zone_B,0
140211,718,0.23,Zone_B,1
159502,748,0.47,Zone_B,0
84225,769,0.5,Zone_A,1
172475,696,0.24,Zone_B,0
50839,808,0.28,Zone_B,1
180302,715,0.14,Zone_A,0
91977,691,0.46,Zone_A,1
153050,656,0.1,Zone_A,1
65651,629,0.12,Zone_A,1
137919,714,0.1,Zone_B,0
79963,688,0.42,Zone_A,1
157776,701,0.31,Zone_A,0
119198,718,0.25,Zone_A,1
184811,701,0.56,Zone_A,1
170697,841,0.2,Zone_A,1
103294,638,0.29,Zone_A,0
41789,715,0.57,Zone_A,0
190492,662,0.31,Zone_B,0
129297,483,0.38,Zone_B,0
158341,665,0.14,Zone_B,0
84135,605,0.5,Zone_B,0
77067,675,0.31,Zone_B,0
57357,678,0.5,Zone_A,0
78262,711,0.23,Zone_A,1
98643,638,0.31,Zone_A,1
192606,648,0.49,Zone_A,1
131270,736,0.59,Zone_B,1
178761,615,0.13,Zone_B,1
109103,533,0.51,Zone_A,1
126268,693,0.25,Zone_A,1
126310,766,0.38,Zone_B,1
77412,735,0.25,Zone_B,1
87734,694,0.41,Zone_B,1
127793,780,0.28,Zone_A,1
62228,767,0.27,Zone_A,0
160627,654,0.12,Zone_B,0
117924,700,0.17,Zone_B,1
51319,703,0.56,Zone_A,0
46475,673,0.6,Zone_A,0
185800,771,0.49,Zone_A,1
69545,668,0.24,Zone_A,1
136636,640,0.3,Zone_B,1
70615,473,0.47,Zone_B,0
53746,616,0.58,Zone_B,0
193817,575,0.33,Zone_A,1
41245,677,0.51,Zone_A,0
157408,580,0.59,Zone_A,0
152143,729,0.54,Zone_B,0
195925,769,0.21,Zone_B,1
67632,678,0.1,Zone_B,0
52856,601,0.35,Zone_A,0
108049,703,0.37,Zone_A,1
98182,831,0.2,Zone_B,1
173873,807,0.24,Zone_A,1
95654,568,0.48,Zone_B,0
95381,565,0.34,Zone_B,1
98601,544,0.26,Zone_B,0
186154,589,0.41,Zone_B,0
185720,700,0.43,Zone_A,1
40364,635,0.48,Zone_A,0
47436,613,0.18,Zone_A,0
126713,763,0.47,Zone_A,1
197826,722,0.4,Zone_A,1
100194,544,0.13,Zone_A,1
64544,759,0.49,Zone_B,0
103295,720,0.29,Zone_A,1
183710,722,0.27,Zone_A,0
109409,634,0.32,Zone_A,1
166839,665,0.27,Zone_B,0
153759,522,0.27,Zone_A,1
57157,749,0.5,Zone_B,0
105888,600,0.16,Zone_A,0
104947,610,0.59,Zone_A,0
110880,609,0.38,Zone_A,1
44507,824,0.19,Zone_B,0
143134,627,0.17,Zone_B,0
83988,755,0.4,Zone_A,1
138421,678,0.42,Zone_A,1
187937,614,0.13,Zone_A,1
142591,599,0.22,Zone_B,0
169614,630,0.5,Zone_B,1
67213,674,0.12,Zone_A,1
97450,728,0.53,Zone_B,0
175549,642,0.43,Zone_B,0
102222,639,0.32,Zone_B,1
177605,610,0.27,Zone_B,1
194468,584,0.11,Zone_A,1
52755,578,0.51,Zone_A,1
171937,759,0.17,Zone_B,0
182245,638,0.25,Zone_B,1
73371,645,0.38,Zone_B,0
182326,627,0.22,Zone_A,1
175090,655,0.35,Zone_A,0
45192,710,0.5,Zone_B,0
42015,641,0.34,Zone_B,1
148154,694,0.57,Zone_B,1
68343,793,0.52,Zone_B,0
109306,614,0.27,Zone_A,0
45829,645,0.3,Zone_A,1
74381,731,0.31,Zone_A,1
151451,800,0.41,Zone_A,0
58263,581,0.24,Zone_A,1
98418,544,0.58,Zone_A,1
40148,680,0.4,Zone_B,1
172826,672,0.3,Zone_B,1
66745,736,0.42,Zone_A,0
112914,724,0.3,Zone_A,0
191212,677,0.51,Zone_A,0
100653,764,0.38,Zone_B,0
118315,626,0.12,Zone_B,0
71075,697,0.19,Zone_B,1
49795,583,0.53,Zone_B,0
104555,677,0.38,Zone_A,0
143107,563,0.58,Zone_B,0
91529,591,0.14,Zone_A,1
182744,817,0.25,Zone_B,1
51009,534,0.2,Zone_B,0
190616,663,0.38,Zone_B,1
69381,746,0.29,Zone_B,0
167769,850,0.18,Zone_A,1
196359,694,0.42,Zone_A,1
104610,699,0.37,Zone_A,1
108122,683,0.24,Zone_A,1
108184,765,0.34,Zone_A,1
127228,715,0.47,Zone_A,1
112943,634,0.2,Zone_A,0
120770,769,0.25,Zone_B,0
92726,643,0.27,Zone_A,0
193283,552,0.47,Zone_B,1
87780,552,0.52,Zone_A,0
82503,664,0.29,Zone_B,1
97893,688,0.25,Zone_A,1
101358,756,0.54,Zone_B,1
120857,731,0.6,Zone_A,1
160457,686,0.44,Zone_A,0
193189,761,0.59,Zone_A,1
157928,681,0.43,Zone_A,1
98706,577,0.47,Zone_B,0
180548,559,0.29,Zone_A,1
122806,782,0.32,Zone_A,1
95006,500,0.17,Zone_B,1
127238,664,0.51,Zone_A,0
85798,850,0.57,Zone_B,1
117271,717,0.41,Zone_B,0
70177,663,0.27,Zone_A,1
168022,545,0.18,Zone_A,1
170156,809,0.23,Zone_B,1
122215,777,0.23,Zone_A,1
83013,735,0.41,Zone_B,1
122600,680,0.57,Zone_A,1
136099,726,0.12,Zone_A,1
93450,668,0.1,Zone_B,0
162640,602,0.4,Zone_A,1
132403,757,0.24,Zone_A,1
139290,676,0.54,Zone_A,1
171832,722,0.26,Zone_B,1
64142,670,0.24,Zone_A,0
150189,717,0.23,Zone_B,0
147532,679,0.17,Zone_A,1
188362,673,0.39,Zone_B,1
171436,682,0.18,Zone_A,1
96921,850,0.31,Zone_A,1
59797,744,0.33,Zone_B,0
72535,850,0.11,Zone_A,1
86300,679,0.11,Zone_B,1
87176,655,0.36,Zone_A,1
56105,594,0.45,Zone_B,0
179011,808,0.57,Zone_A,0
119472,608,0.19,Zone_B,1
186935,825,0.15,Zone_A,1
118097,599,0.13,Zone_B,1
181519,751,0.32,Zone_B,0
136160,553,0.41,Zone_A,0
86940,645,0.52,Zone_B,0
125001,682,0.44,Zone_B,1
190714,632,0.2,Zone_A,1
47928,666,0.33,Zone_A,1
88002,667,0.56,Zone_A,0
124853,745,0.26,Zone_A,1
154614,513,0.35,Zone_A,1
157517,635,0.58,Zone_A,1
196089,780,0.47,Zone_B,1
119064,725,0.47,Zone_B,0
159694,782,0.23,Zone_B,0
184385,741,0.31,Zone_A,1
172631,593,0.14,Zone_A,0
90893,733,0.4,Zone_B,0
55167,688,0.15,Zone_B,0
78598,850,0.52,Zone_A,0
178595,744,0.51,Zone_B,0
89777,722,0.37,Zone_A,1
199511,734,0.17,Zone_A,1
156378,718,0.11,Zone_B,1
121060,715,0.5,Zone_A,1
53285,659,0.4,Zone_A,0
182045,723,0.46,Zone_A,1
162970,756,0.25,Zone_A,1
62694,765,0.35,Zone_B,0
175374,755,0.47,Zone_A,1
193463,801,0.33,Zone_A,1
44611,770,0.4,Zone_B,1
49372,730,0.49,Zone_A,1
195384,589,0.21,Zone_A,0
185152,589,0.13,Zone_B,0
120618,660,0.37,Zone_B,0
152945,684,0.13,Zone_A,1
148397,792,0.48,Zone_A,0
136213,458,0.46,Zone_B,0
60874,597,0.54,Zone_A,0
172669,664,0.42,Zone_A,0
51600,600,0.13,Zone_A,1
174819,616,0.23,Zone_B,1
119415,640,0.5,Zone_A,0
195887,604,0.18,Zone_B,1
134348,618,0.45,Zone_B,0
145736,789,0.49,Zone_B,0
64714,729,0.27,Zone_B,1
189962,741,0.26,Zone_A,0
175797,677,0.38,Zone_B,1
191756,761,0.53,Zone_A,1
151573,748,0.21,Zone_B,1
53092,728,0.57,Zone_B,0
135918,628,0.4,Zone_A,1
65457,645,0.6,Zone_B,0
111667,765,0.14,Zone_B,0
130751,639,0.16,Zone_A,1
102894,577,0.51,Zone_B,0
101305,637,0.53,Zone_B,0
183684,805,0.32,Zone_B,0
92137,637,0.46,Zone_A,0
40559,706,0.53,Zone_B,0
106249,631,0.12,Zone_A,1
77361,741,0.39,Zone_A,1
120720,723,0.53,Zone_A,0
55261,561,0.3,Zone_B,1
60372,701,0.25,Zone_B,1
95355,545,0.5,Zone_B,0
138560,636,0.27,Zone_B,0
40037,679,0.1,Zone_A,1
81420,828,0.58,Zone_A,1
137243,705,0.4,Zone_B,0
169380,619,0.51,Zone_B,0
74600,655,0.51,Zone_A,0
129520,754,0.13,Zone_B,1
45167,620,0.19,Zone_B,0
40432,768,0.26,Zone_B,0
109687,638,0.26,Zone_B,1
111947,607,0.43,Zone_B,0
136324,641,0.41,Zone_B,0
90903,551,0.35,Zone_A,1
105792,506,0.21,Zone_A,1
73439,673,0.29,Zone_A,1
91248,675,0.37,Zone_A,1
74743,701,0.33,Zone_B,0
119803,673,0.16,Zone_B,0
115117,850,0.42,Zone_A,0
62076,693,0.14,Zone_A,1
127483,570,0.29,Zone_A,1
174035,590,0.46,Zone_A,0
159217,680,0.11,Zone_A,1
184938,645,0.38,Zone_B,0
144504,582,0.27,Zone_B,0
145649,675,0.1,Zone_A,1
166244,676,0.2,Zone_A,1
72813,808,0.57,Zone_B,0
106729,607,0.36,Zone_B,0
44512,647,0.6,Zone_B,0
193738,807,0.36,Zone_A,1
187702,706,0.37,Zone_B,0
157907,606,0.3,Zone_A,1
171708,623,0.26,Zone_A,1
174847,583,0.23,Zone_B,0
104591,686,0.27,Zone_B,0
51351,762,0.33,Zone_B,1
155400,810,0.2,Zone_A,1
160533,561,0.21,Zone_B,0
143627,750,0.24,Zone_B,0
168381,693,0.32,Zone_A,1
135707,659,0.43,Zone_B,1
121678,647,0.53,Zone_B,0
113309,526,0.24,Zone_A,1
50778,731,0.19,Zone_A,1
183573,574,0.29,Zone_A,0
152713,620,0.55,Zone_A,1
173180,713,0.1,Zone_A,1
76382,535,0.44,Zone_B,0
115787,574,0.34,Zone_B,0
63341,777,0.18,Zone_A,1
185439,690,0.26,Zone_B,0
159967,627,0.21,Zone_B,0
171066,690,0.54,Zone_A,1
183074,734,0.34,Zone_A,1
125820,770,0.38,Zone_A,1
99949,591,0.4,Zone_B,0
186772,598,0.42,Zone_A,0
102543,729,0.35,Zone_B,0
67610,731,0.11,Zone_B,0
105226,572,0.27,Zone_B,0
85167,601,0.19,Zone_B,1
199011,665,0.44,Zone_A,1
107381,682,0.13,Zone_B,0
86710,684,0.38,Zone_A,1
56766,571,0.21,Zone_B,0
142416,683,0.57,Zone_A,0
52780,623,0.27,Zone_A,1
88458,587,0.26,Zone_A,1
96221,679,0.56,Zone_B,0
41509,671,0.31,Zone_B,0
129493,744,0.58,Zone_B,0
156850,611,0.11,Zone_A,1
197220,699,0.25,Zone_B,0
71533,555,0.43,Zone_B,0
148144,658,0.55,Zone_B,0
162402,717,0.23,Zone_A,0
118467,724,0.57,Zone_B,0
41359,724,0.4,Zone_B,1
159119,744,0.5,Zone_A,0
60344,644,0.3,Zone_A,1
158499,720,0.21,Zone_A,1
109778,829,0.56,Zone_A,1
60601,643,0.57,Zone_A,0
190188,790,0.35,Zone_A,1
141013,750,0.1,Zone_B,1
70782,659,0.15,Zone_B,0
151095,665,0.39,Zone_A,1
137123,689,0.11,Zone_B,0
84458,746,0.3,Zone_A,1
164225,712,0.25,Zone_B,0
179152,642,0.46,Zone_A,0
184980,513,0.13,Zone_A,1
136188,734,0.34,Zone_B,1
161292,525,0.39,Zone_B,0
130570,571,0.41,Zone_B,0
163791,648,0.3,Zone_B,0
165291,583,0.25,Zone_B,0
138375,705,0.44,Zone_B,0
78314,656,0.52,Zone_B,1
148880,743,0.45,Zone_B,1
140326,551,0.57,Zone_A,1
186903,627,0.46,Zone_B,0
161026,680,0.48,Zone_B,1
191197,683,0.18,Zone_A,1
102451,736,0.31,Zone_A,1
85708,607,0.34,Zone_A,1
57682,643,0.23,Zone_A,0
142406,721,0.36,Zone_B,0
99372,504,0.25,Zone_B,0
79477,711,0.44,Zone_A,1
173692,741,0.34,Zone_A,0
93024,573,0.33,Zone_B,0
180749,655,0.59,Zone_B,0
195146,799,0.3,Zone_B,1
57824,733,0.28,Zone_B,1
171837,716,0.26,Zone_A,0
137151,759,0.55,Zone_B,1
88926,824,0.35,Zone_A,0
52975,681,0.4,Zone_A,1
114877,647,0.19,Zone_A,0
117870,759,0.37,Zone_B,0
121371,665,0.24,Zone_A,1
197620,606,0.47,Zone_B,0
140970,637,0.52,Zone_A,1
138066,705,0.46,Zone_B,0
101562,644,0.47,Zone_A,1
80409,650,0.36,Zone_A,1
49834,598,0.46,Zone_B,0
142192,795,0.31,Zone_B,1
40840,653,0.43,Zone_A,0
71568,623,0.23,Zone_A,1
50846,632,0.13,Zone_B,0
176971,744,0.31,Zone_A,0
126038,726,0.33,Zone_B,0
169789,640,0.23,Zone_B,0
147460,683,0.46,Zone_A,0
114723,702,0.14,Zone_B,0
144194,624,0.21,Zone_A,1
151417,557,0.47,Zone_B,0
175383,721,0.32,Zone_B,1
96888,628,0.45,Zone_A,1
81616,715,0.38,Zone_B,1
46083,706,0.58,Zone_A,1
183670,684,0.4,Zone_B,0
122476,646,0.11,Zone_B,0
132416,629,0.28,Zone_B,0
42580,589,0.17,Zone_B,0
162834,631,0.56,Zone_A,1
152148,726,0.15,Zone_B,1
82321,792,0.29,Zone_B,1
49386,780,0.21,Zone_B,0
93171,692,0.52,Zone_A,1
190594,792,0.25,Zone_A,1
185707,655,0.6,Zone_A,0
171743,577,0.12,Zone_A,1
73545,834,0.16,Zone_B,0
66855,723,0.21,Zone_B,0
75790,557,0.51,Zone_B,0
91012,805,0.54,Zone_A,1
157827,621,0.14,Zone_A,0
54260,638,0.12,Zone_B,0
41074,762,0.47,Zone_B,0
180547,789,0.17,Zone_B,1
186192,600,0.17,Zone_A,1
194219,798,0.11,Zone_B,1
41986,750,0.12,Zone_B,1
95479,616,0.23,Zone_A,1
170833,660,0.13,Zone_A,1
42176,801,0.28,Zone_B,1
124258,555,0.52,Zone_A,1
155188,790,0.26,Zone_B,0
124153,748,0.46,Zone_B,0
198187,721,0.15,Zone_B,1
117442,691,0.43,Zone_B,0
80002,838,0.26,Zone_A,0
97124,849,0.47,Zone_A,1
177682,631,0.17,Zone_A,1
89752,729,0.55,Zone_B,0
118947,830,0.22,Zone_B,1
158972,617,0.28,Zone_B,0
114716,699,0.58,Zone_A,0
50073,760,0.39,Zone_A,0
77251,519,0.28,Zone_B,0
136496,746,0.57,Zone_A,0
78897,593,0.26,Zone_A,1
91616,695,0.15,Zone_A,0
44482,772,0.6,Zone_A,1
147990,489,0.23,Zone_B,0
83284,743,0.53,Zone_A,0
112932,843,0.18,Zone_B,1
47338,637,0.47,Zone_A,0
183572,726,0.36,Zone_B,1
182617,787,0.59,Zone_B,1
101480,553,0.38,Zone_A,0
176313,741,0.11,Zone_B,1
193893,762,0.4,Zone_B,1
44695,731,0.17,Zone_A,1
54318,687,0.5,Zone_B,0
90934,600,0.53,Zone_A,1
193403,791,0.34,Zone_B,1
161282,683,0.49,Zone_A,0
131891,608,0.17,Zone_A,1
108754,655,0.35,Zone_A,1
125677,709,0.3,Zone_A,0
142320,555,0.41,Zone_A,1
173909,681,0.12,Zone_B,0
165261,647,0.48,Zone_B,1
145338,787,0.14,Zone_A,0
80077,530,0.43,Zone_B,0
119915,755,0.11,Zone_B,1
175311,793,0.52,Zone_B,1
69669,533,0.19,Zone_A,0
88624,543,0.36,Zone_A,1
115147,823,0.23,Zone_B,0
175222,608,0.46,Zone_A,0
182181,850,0.26,Zone_A,1
197088,536,0.46,Zone_B,0
183008,694,0.24,Zone_A,1
182108,678,0.48,Zone_A,1
185093,663,0.12,Zone_A,0
76943,717,0.24,Zone_A,0
153694,722,0.35,Zone_A,1
194316,667,0.12,Zone_B,0
163351,599,0.19,Zone_A,1
78985,764,0.57,Zone_A,1
172574,730,0.59,Zone_B,0
93836,689,0.47,Zone_B,0
139714,728,0.23,Zone_A,1
43770,742,0.23,Zone_B,1
82865,619,0.42,Zone_A,0
93811,725,0.16,Zone_B,0
44001,636,0.57,Zone_A,1
100848,744,0.21,Zone_B,1
92635,665,0.6,Zone_A,0
60946,729,0.35,Zone_B,0
135852,645,0.49,Zone_A,0
131103,733,0.1,Zone_A,1
83744,602,0.54,Zone_A,0
157729,683,0.24,Zone_B,1
63671,758,0.43,Zone_B,0
187522,717,0.5,Zone_A,1
185980,695,0.18,Zone_A,0
97813,824,0.32,Zone_A,1
136748,762,0.35,Zone_A,1
177878,748,0.26,Zone_B,1
144733,733,0.34,Zone_B,0
166865,743,0.26,Zone_B,1
123551,813,0.28,Zone_A,1
169335,647,0.43,Zone_A,1
79220,761,0.42,Zone_B,0
57158,709,0.22,Zone_B,0
120992,649,0.55,Zone_B,0
198660,672,0.53,Zone_B,0
102576,698,0.35,Zone_A,1
128027,611,0.32,Zone_A,1
195260,749,0.29,Zone_A,0
98830,672,0.45,Zone_B,0
175091,687,0.44,Zone_A,1
52419,789,0.2,Zone_B,0
73697,690,0.44,Zone_B,1
124932,804,0.23,Zone_B,0
159712,638,0.11,Zone_B,1
135428,592,0.45,Zone_B,0
179045,657,0.42,Zone_A,1
126649,455,0.31,Zone_A,0
162649,752,0.36,Zone_A,1
51136,597,0.57,Zone_B,0
124739,631,0.4,Zone_A,1
102502,737,0.43,Zone_B,0
63039,690,0.13,Zone_A,1
106720,645,0.18,Zone_B,1
163168,517,0.25,Zone_B,1
128263,784,0.37,Zone_A,1
99155,738,0.49,Zone_B,0
56911,844,0.26,Zone_A,1
40916,632,0.28,Zone_A,1
99052,564,0.23,Zone_A,0
57790,760,0.23,Zone_B,0
176278,665,0.57,Zone_B,0
161937,730,0.42,Zone_B,0
125053,810,0.18,Zone_B,1
89950,711,0.46,Zone_A,1
156211,693,0.46,Zone_B,0
96361,698,0.43,Zone_A,1
101451,549,0.17,Zone_A,1
77696,769,0.3,Zone_B,0
142395,774,0.15,Zone_B,0
164121,722,0.51,Zone_A,1
86728,559,0.43,Zone_B,0
95401,670,0.35,Zone_A,0
65103,795,0.27,Zone_B,1
90044,635,0.19,Zone_B,0
97730,775,0.15,Zone_A,1
65825,684,0.58,Zone_A,1
77271,737,0.2,Zone_A,1
117256,647,0.13,Zone_B,0
106433,687,0.58,Zone_B,0
141999,715,0.37,Zone_B,1
63572,593,0.5,Zone_A,0
78546,702,0.12,Zone_A,1
186222,465,0.38,Zone_B,1
94165,632,0.3,Zone_A,0
103690,724,0.49,Zone_B,0
76948,770,0.12,Zone_A,1
67007,718,0.3,Zone_B,1
140819,569,0.5,Zone_B,0
131207,763,0.36,Zone_B,0
116772,589,0.38,Zone_A,0
62024,729,0.15,Zone_A,1
122912,592,0.17,Zone_B,0
189229,618,0.44,Zone_B,1
125481,603,0.44,Zone_B,0
128553,691,0.59,Zone_B,1
172828,664,0.46,Zone_B,0
142488,721,0.35,Zone_B,0
136741,679,0.53,Zone_A,0
118210,559,0.15,Zone_A,0
175607,702,0.32,Zone_A,1
87367,539,0.24,Zone_A,1
188190,609,0.15,Zone_B,0
99884,651,0.48,Zone_B,1
184352,645,0.36,Zone_B,0
185818,548,0.38,Zone_A,0
142572,790,0.31,Zone_A,1
93251,812,0.33,Zone_B,1
124821,850,0.16,Zone_A,1
123583,772,0.44,Zone_A,1
50207,648,0.32,Zone_B,0
67757,647,0.51,Zone_B,0
187298,643,0.2,Zone_B,0
198278,839,0.2,Zone_A,1
191328,671,0.42,Zone_B,0
73822,782,0.52,Zone_B,0
81340,775,0.34,Zone_B,0
83351,695,0.46,Zone_A,1
146311,564,0.6,Zone_A,0
115320,672,0.6,Zone_B,0
142565,692,0.47,Zone_B,0
59937,782,0.47,Zone_A,1
51219,682,0.22,Zone_A,1
49399,583,0.52,Zone_B,0
166733,759,0.3,Zone_A,1
198729,662,0.58,Zone_B,0
60047,476,0.14,Zone_B,0
125693,706,0.32,Zone_A,1
140931,720,0.38,Zone_B,0
177852,613,0.3,Zone_B,1
67050,665,0.21,Zone_A,1
113551,733,0.4,Zone_B,0
108666,707,0.48,Zone_A,0
122016,555,0.42,Zone_B,0
153135,780,0.22,Zone_B,0
93010,817,0.47,Zone_A,1
78165,639,0.23,Zone_A,1
51528,527,0.19,Zone_A,1
160840,742,0.45,Zone_A,1
176986,626,0.52,Zone_A,0
77136,723,0.34,Zone_A,0
182251,850,0.37,Zone_B,0
126008,556,0.25,Zone_A,1
52076,616,0.35,Zone_B,1
163911,664,0.17,Zone_A,1
195855,783,0.58,Zone_B,0
156625,850,0.5,Zone_B,0
90298,700,0.43,Zone_A,0
94304,549,0.37,Zone_B,0
119360,652,0.5,Zone_B,0
109835,618,0.35,Zone_B,1
152424,738,0.25,Zone_A,1
179190,710,0.18,Zone_A,1
96911,597,0.42,Zone_B,0
143088,613,0.56,Zone_A,1
55185,651,0.18,Zone_A,1
90613,661,0.19,Zone_B,0
40386,677,0.32,Zone_B,0
70020,684,0.5,Zone_A,0
82678,779,0.25,Zone_A,1
101394,648,0.23,Zone_A,1
155377,637,0.41,Zone_B,0
161716,573,0.37,Zone_A,1
95918,662,0.13,Zone_A,0
155640,700,0.14,Zone_A,1
144446,542,0.42,Zone_B,0
134702,653,0.33,Zone_B,0
145509,773,0.59,Zone_B,0
133608,732,0.44,Zone_A,0
154310,710,0.11,Zone_A,1
183181,730,0.34,Zone_B,0
85802,634,0.31,Zone_A,1
74622,623,0.15,Zone_A,1
149935,782,0.56,Zone_A,1
157919,746,0.5,Zone_B,0
173669,620,0.22,Zone_A,0
109519,530,0.23,Zone_A,1
188112,622,0.12,Zone_B,1
84772,723,0.25,Zone_A,1
162431,627,0.39,Zone_B,0
136090,706,0.31,Zone_A,0
198988,794,0.58,Zone_B,0
84871,673,0.13,Zone_B,1
66372,699,0.4,Zone_A,1
79080,735,0.53,Zone_A,1
146242,593,0.34,Zone_B,0
82722,618,0.1,Zone_A,1
69048,738,0.22,Zone_B,1
125205,683,0.26,Zone_A,1
180849,690,0.58,Zone_A,1
94711,683,0.56,Zone_A,0
60968,758,0.57,Zone_A,1
51292,715,0.51,Zone_B,0
119459,716,0.28,Zone_B,0
90192,778,0.55,Zone_A,1
198775,809,0.59,Zone_A,0
124193,850,0.28,Zone_A,1
109165,634,0.23,Zone_A,1
107650,850,0.37,Zone_A,1
169858,592,0.19,Zone_B,1
141398,835,0.12,Zone_B,1
137885,629,0.57,Zone_A,1
193329,674,0.56,Zone_B,0
140588,681,0.18,Zone_B,1
143356,611,0.3,Zone_A,1
123509,687,0.52,Zone_B,0
91672,615,0.43,Zone_B,1
62113,581,0.3,Zone_B,0
40694,677,0.47,Zone_B,0
55588,807,0.55,Zone_A,0
104373,660,0.56,Zone_B,1
125603,755,0.29,Zone_B,0
46704,612,0.19,Zone_B,1
80136,577,0.56,Zone_A,1
107507,716,0.15,Zone_B,0
87361,820,0.46,Zone_B,0
98847,697,0.17,Zone_B,0
146359,746,0.29,Zone_A,1
182513,800,0.31,Zone_A,1
158906,677,0.18,Zone_A,0
54677,668,0.56,Zone_A,1
67818,718,0.1,Zone_A,1
41868,732,0.55,Zone_B,0
123591,568,0.54,Zone_A,0
163962,704,0.26,Zone_B,1
107264,680,0.45,Zone_A,1
113168,617,0.23,Zone_A,0
183115,674,0.48,Zone_A,1
111939,587,0.38,Zone_B,1
55732,559,0.25,Zone_B,0
95244,685,0.3,Zone_B,1
189598,752,0.44,Zone_A,1
49340,652,0.55,Zone_A,0
62394,603,0.17,Zone_A,1
138557,616,0.39,Zone_A,1
175174,724,0.23,Zone_A,1
59159,813,0.5,Zone_A,0
162366,742,0.14,Zone_B,1
46212,784,0.44,Zone_B,1
77405,596,0.19,Zone_A,1
170632,674,0.4,Zone_B,0
117061,761,0.52,Zone_B,0
134296,568,0.48,Zone_B,0
95186,627,0.48,Zone_A,0
163145,755,0.36,Zone_A,1
50532,701,0.55,Zone_A,1
106540,603,0.39,Zone_A,1
143021,550,0.56,Zone_B,0
43271,787,0.37,Zone_A,0
40209,516,0.35,Zone_A,1
176611,731,0.21,Zone_A,0
59977,637,0.37,Zone_B,0
149920,764,0.17,Zone_B,0
168156,597,0.53,Zone_B,1
139588,850,0.44,Zone_B,0
108684,712,0.6,Zone_B,1
163862,725,0.15,Zone_A,1
45607,618,0.22,Zone_B,0
134786,669,0.54,Zone_B,0
166406,671,0.3,Zone_A,1
189666,824,0.33,Zone_A,1
47399,712,0.53,Zone_A,1
166812,724,0.36,Zone_B,0
196189,723,0.2,Zone_A,1
138662,730,0.55,Zone_B,0
73617,569,0.12,Zone_A,0
178570,844,0.55,Zone_B,0
142826,610,0.13,Zone_B,0
169851,677,0.43,Zone_B,0
151077,803,0.14,Zone_B,1
90624,835,0.45,Zone_A,1
49628,744,0.12,Zone_A,0
171401,640,0.52,Zone_B,0
78619,690,0.33,Zone_A,1
47032,693,0.15,Zone_B,1
78034,696,0.45,Zone_A,0
142658,582,0.34,Zone_A,1
161123,781,0.2,Zone_B,1
126158,691,0.11,Zone_B,1
95264,622,0.31,Zone_A,1
134120,640,0.14,Zone_B,0
87850,702,0.15,Zone_A,0
44722,568,0.23,Zone_A,0
57772,750,0.42,Zone_A,1
126105,699,0.36,Zone_B,0
44576,805,0.13,Zone_B,0
197779,686,0.58,Zone_A,1
139404,593,0.54,Zone_B,0
81476,584,0.23,Zone_B,0
64154,649,0.16,Zone_A,1
191126,657,0.57,Zone_B,1
57165,635,0.33,Zone_B,0
54439,690,0.26,Zone_A,0
158211,633,0.35,Zone_B,0
84518,700,0.49,Zone_A,0
66962,638,0.18,Zone_B,1
77763,731,0.48,Zone_B,0
156189,655,0.47,Zone_A,0
150290,780,0.37,Zone_A,1
150814,732,0.53,Zone_B,0
59464,695,0.17,Zone_A,1
163980,663,0.4,Zone_A,1
82299,558,0.32,Zone_B,0
71541,793,0.31,Zone_A,1
113545,626,0.23,Zone_B,0
169188,687,0.29,Zone_B,1
69765,708,0.15,Zone_A,1
63769,665,0.23,Zone_B,0
60156,788,0.24,Zone_A,1
184507,582,0.46,Zone_B,1
113631,819,0.12,Zone_A,1
77909,734,0.43,Zone_A,1
109487,660,0.21,Zone_B,0
192540,661,0.14,Zone_A,1
87655,503,0.25,Zone_A,1
91786,612,0.21,Zone_A,0
108304,652,0.38,Zone_B,0
143606,694,0.28,Zone_B,1
160938,781,0.58,Zone_A,0
120981,843,0.58,Zone_A,0
95107,702,0.32,Zone_B,0
172232,696,0.5,Zone_B,0
127897,641,0.11,Zone_B,0
112577,543,0.37,Zone_A,1
181918,632,0.47,Zone_B,0
144180,664,0.21,Zone_A,0
59924,758,0.13,Zone_B,0
151193,722,0.18,Zone_A,1
184954,698,0.32,Zone_B,0
41095,634,0.35,Zone_A,1
144205,521,0.29,Zone_B,1
54123,526,0.32,Zone_B,0
85278,547,0.34,Zone_A,0
137911,657,0.48,Zone_B,0
91999,760,0.15,Zone_B,0
71153,757,0.48,Zone_B,0
58344,743,0.44,Zone_B,0
77656,639,0.47,Zone_A,1
41212,772,0.47,Zone_A,1
160385,606,0.34,Zone_B,0
180073,748,0.21,Zone_A,0
118784,546,0.37,Zone_A,0
138723,586,0.58,Zone_A,0
121144,812,0.39,Zone_A,1
71368,664,0.11,Zone_A,1
101160,626,0.13,Zone_B,1
196926,768,0.6,Zone_A,0
50715,777,0.14,Zone_B,1
98784,645,0.12,Zone_A,0
169193,702,0.28,Zone_B,0
139644,691,0.58,Zone_B,1
66797,454,0.26,Zone_B,1
87573,568,0.3,Zone_A,0
116120,755,0.42,Zone_A,1
54780,613,0.11,Zone_B,0
77905,722,0.55,Zone_B,0
192645,701,0.36,Zone_A,1
156049,777,0.33,Zone_A,1
169651,571,0.53,Zone_B,0
73359,712,0.58,Zone_A,0
106062,675,0.31,Zone_A,1
113391,617,0.19,Zone_A,0
83463,616,0.51,Zone_A,0
139596,698,0.3,Zone_A,0
135018,730,0.57,Zone_A,1
56571,685,0.57,Zone_B,0
190214,688,0.16,Zone_B,0
65104,640,0.58,Zone_B,0
48625,645,0.28,Zone_B,0
79199,617,0.42,Zone_B,0
160725,639,0.12,Zone_B,0
186998,728,0.54,Zone_A,1
71218,737,0.42,Zone_A,0
131916,578,0.42,Zone_B,1
163182,608,0.55,Zone_B,0
60566,623,0.35,Zone_B,0
73205,675,0.31,Zone_A,1
149084,545,0.53,Zone_A,0
69717,610,0.47,Zone_A,0
147292,569,0.57,Zone_A,1
196207,712,0.57,Zone_B,0
199236,678,0.29,Zone_B,1
78562,643,0.32,Zone_B,0
60169,595,0.23,Zone_B,0
61604,644,0.43,Zone_A,0
129670,635,0.28,Zone_A,1
154605,811,0.49,Zone_B,0
128738,760,0.16,Zone_A,1
171756,625,0.16,Zone_A,1
168140,693,0.2,Zone_A,1
142537,756,0.14,Zone_A,0
151301,625,0.41,Zone_B,0
48007,567,0.17,Zone_A,1
154915,536,0.18,Zone_B,0
157419,782,0.11,Zone_A,1
81787,665,0.49,Zone_A,0
89582,703,0.51,Zone_B,0
123629,634,0.18,Zone_B,1
45782,579,0.47,Zone_A,0
106770,593,0.32,Zone_A,0
97645,573,0.22,Zone_B,0
143509,748,0.41,Zone_A,1
69204,799,0.19,Zone_A,1
57152,683,0.48,Zone_B,0
130555,559,0.12,Zone_A,0
59689,720,0.58,Zone_A,1
123251,781,0.14,Zone_A,0
146565,758,0.39,Zone_A,1
193014,678,0.55,Zone_A,0
78712,661,0.11,Zone_B,0
89632,677,0.35,Zone_A,1
60478,778,0.28,Zone_B,1
62551,741,0.39,Zone_B,0
88068,649,0.21,Zone_A,1
133608,647,0.13,Zone_B,0
75561,641,0.41,Zone_A,1
173964,595,0.31,Zone_B,1
64395,788,0.41,Zone_B,1
58756,617,0.21,Zone_B,0
106333,719,0.27,Zone_A,1
192418,627,0.38,Zone_B,0
153561,642,0.4,Zone_B,0
68024,671,0.29,Zone_B,0
45947,724,0.24,Zone_A,1
167192,659,0.24,Zone_A,1
134238,589,0.19,Zone_B,0
107428,682,0.26,Zone_B,0
103355,619,0.2,Zone_B,1
169958,804,0.42,Zone_B,0
184490,659,0.38,Zone_A,1
175905,627,0.29,Zone_A,1
171637,838,0.26,Zone_A,1
58402,739,0.22,Zone_B,0
115851,608,0.37,Zone_A,1
52834,617,0.56,Zone_B,0
107850,718,0.44,Zone_B,0
77180,683,0.47,Zone_B,0
174955,751,0.52,Zone_A,0
149688,627,0.28,Zone_B,1
146520,736,0.13,Zone_A,1
51695,501,0.41,Zone_B,1
167135,668,0.19,Zone_A,1
194195,631,0.38,Zone_B,0
98481,644,0.47,Zone_A,0
113438,672,0.49,Zone_B,0
151491,771,0.25,Zone_A,1
188645,588,0.36,Zone_B,0
161844,505,0.41,Zone_B,1
134910,597,0.51,Zone_B,0
96494,762,0.48,Zone_A,1
183360,548,0.59,Zone_B,0
86978,634,0.1,Zone_B,1
157845,747,0.32,Zone_B,0
170621,675,0.23,Zone_A,1
94672,770,0.16,Zone_B,0
101821,517,0.56,Zone_B,0
123661,654,0.6,Zone_A,0
109224,787,0.19,Zone_B,1
129405,590,0.12,Zone_A,1
94796,763,0.24,Zone_B,0
168554,661,0.52,Zone_A,1
163777,715,0.25,Zone_A,1
44023,781,0.13,Zone_A,1
112959,714,0.13,Zone_B,1
79218,633,0.31,Zone_B,1
183285,725,0.57,Zone_A,1
68460,627,0.24,Zone_B,0
164579,702,0.31,Zone_B,0
104680,580,0.15,Zone_A,0
71017,682,0.35,Zone_A,1
132038,775,0.45,Zone_A,1
59515,656,0.24,Zone_A,1
178706,767,0.25,Zone_B,1
73001,850,0.52,Zone_B,0
41391,678,0.11,Zone_B,0
149388,729,0.42,Zone_B,1
82215,718,0.3,Zone_B,0
119720,698,0.25,Zone_B,1
67114,743,0.43,Zone_A,0
182954,660,0.52,Zone_B,0
153142,627,0.38,Zone_B,0
188345,558,0.12,Zone_B,1
146206,653,0.33,Zone_A,1
85647,752,0.33,Zone_A,1
82679,605,0.37,Zone_B,0
40427,700,0.44,Zone_A,1
169669,670,0.11,Zone_A,0
106267,630,0.35,Zone_B,0
40799,532,0.39,Zone_B,0
95659,789,0.27,Zone_B,0
47025,721,0.43,Zone_A,0
54481,850,0.21,Zone_A,1
65411,766,0.26,Zone_B,0
145928,787,0.58,Zone_A,0
163014,540,0.27,Zone_A,0
186033,539,0.27,Zone_A,0
192839,683,0.4,Zone_B,0
91690,588,0.59,Zone_B,0
92870,625,0.59,Zone_B,0
126928,850,0.39,Zone_B,1
110765,775,0.1,Zone_B,0
63772,605,0.55,Zone_A,0
170417,491,0.39,Zone_A,0
58799,598,0.28,Zone_A,0
152051,635,0.51,Zone_A,0
169941,654,0.3,Zone_A,1
63555,578,0.12,Zone_A,1
132152,770,0.51,Zone_B,0
167219,623,0.37,Zone_B,1
190405,732,0.27,Zone_A,1
175333,684,0.23,Zone_B,1
159833,755,0.4,Zone_A,1
109002,661,0.2,Zone_A,1
86553,606,0.26,Zone_B,0
43088,632,0.42,Zone_B,0
85783,633,0.54,Zone_A,0
41115,845,0.37,Zone_B,1
112908,686,0.48,Zone_A,0
109109,680,0.48,Zone_A,0
42978,751,0.43,Zone_A,0
148943,680,0.22,Zone_A,1
49422,770,0.53,Zone_A,0
129233,650,0.32,Zone_B,1
96174,642,0.12,Zone_A,0
77743,602,0.22,Zone_B,1
170288,828,0.48,Zone_A,1
169000,674,0.13,Zone_B,0
162778,586,0.17,Zone_A,1
69430,696,0.45,Zone_B,1
68834,628,0.55,Zone_A,0
64435,649,0.42,Zone_A,0
127212,705,0.21,Zone_B,1
95797,802,0.13,Zone_B,0
94555,688,0.41,Zone_B,0
125350,623,0.12,Zone_B,1
54716,640,0.41,Zone_B,0
100261,733,0.21,Zone_B,1
198600,523,0.55,Zone_A,1
41995,597,0.34,Zone_A,1
62414,697,0.21,Zone_A,0
184916,543,0.53,Zone_B,0
55522,655,0.23,Zone_B,0
169632,642,0.25,Zone_B,0
114034,750,0.52,Zone_A,1
82322,660,0.25,Zone_B,0
107638,775,0.31,Zone_A,0
141334,686,0.27,Zone_B,1
179596,822,0.16,Zone_B,1
70846,569,0.12,Zone_B,0
113643,809,0.46,Zone_A,0
154930,647,0.42,Zone_B,0
64399,798,0.24,Zone_A,1
163182,775,0.25,Zone_B,1
88591,452,0.57,Zone_B,0
191786,718,0.59,Zone_B,0
75877,760,0.34,Zone_B,1
124106,786,0.5,Zone_A,1
118018,586,0.47,Zone_B,0
139854,727,0.25,Zone_A,1
160832,696,0.13,Zone_B,1
126576,715,0.17,Zone_B,0
132508,760,0.52,Zone_B,0
86835,773,0.47,Zone_A,0
82464,628,0.43,Zone_B,0
152454,701,0.17,Zone_A,1
193995,683,0.42,Zone_A,0
156062,661,0.49,Zone_B,0
107445,668,0.53,Zone_A,0
150454,696,0.11,Zone_B,0
161906,632,0.44,Zone_A,1
138384,751,0.11,Zone_A,1
100032,782,0.45,Zone_A,0
153521,614,0.42,Zone_A,1
156378,785,0.17,Zone_B,1
57140,615,0.48,Zone_A,0
42670,752,0.13,Zone_B,1
76519,785,0.51,Zone_A,0
84512,672,0.23,Zone_B,0
143565,615,0.44,Zone_B,0
185763,633,0.56,Zone_A,0
145156,709,0.27,Zone_A,0
65595,837,0.35,Zone_B,1
48630,545,0.33,Zone_A,1
147461,688,0.18,Zone_A,0
114191,673,0.4,Zone_A,1
140591,643,0.47,Zone_A,1
103753,674,0.56,Zone_A,0
100520,637,0.53,Zone_A,0
44008,779,0.36,Zone_A,0
147408,787,0.46,Zone_A,1
40496,687,0.5,Zone_A,1
139767,669,0.35,Zone_B,1
63212,641,0.16,Zone_A,1
60637,687,0.32,Zone_A,1
85227,828,0.52,Zone_A,1
159753,672,0.4,Zone_A,1
160118,613,0.46,Zone_A,0
49884,648,0.19,Zone_B,0
156481,740,0.58,Zone_B,1
108259,623,0.3,Zone_A,0
89810,677,0.43,Zone_B,1
169926,718,0.11,Zone_A,1
44761,629,0.16,Zone_A,0
56375,539,0.49,Zone_B,0
196290,594,0.58,Zone_B,0
142654,611,0.26,Zone_B,1
72975,662,0.12,Zone_B,0
198145,684,0.28,Zone_B,1
172955,746,0.11,Zone_A,1
114489,582,0.2,Zone_A,0
48381,734,0.48,Zone_A,0
194310,650,0.57,Zone_B,0
184867,537,0.14,Zone_A,0
102999,681,0.38,Zone_B,0
89907,785,0.23,Zone_A,1
180710,751,0.17,Zone_B,1
110467,674,0.21,Zone_B,1
82623,770,0.39,Zone_A,1
197483,695,0.13,Zone_A,1
150724,758,0.32,Zone_A,1
191606,547,0.17,Zone_A,0
143069,580,0.24,Zone_B,0
59996,738,0.2,Zone_A,1
145682,803,0.54,Zone_B,0
123609,713,0.45,Zone_A,1
141490,640,0.53,Zone_A,0
111325,612,0.29,Zone_A,1
68930,655,0.26,Zone_A,1
154426,777,0.29,Zone_A,1
57529,653,0.11,Zone_B,0
93546,764,0.46,Zone_A,0
47942,732,0.27,Zone_B,0
47548,817,0.26,Zone_A,1
155248,696,0.4,Zone_B,0
189368,676,0.32,Zone_A,1
137780,768,0.59,Zone_A,1
40296,605,0.28,Zone_A,0
107945,644,0.41,Zone_B,1
99980,546,0.26,Zone_B,0
96782,580,0.6,Zone_A,0
136382,834,0.32,Zone_A,1
93444,735,0.42,Zone_A,1
75036,570,0.16,Zone_B,0
79322,776,0.47,Zone_A,1
198239,624,0.23,Zone_B,0
91667,731,0.32,Zone_A,1
134527,730,0.54,Zone_B,0
123337,813,0.59,Zone_B,1
91468,637,0.31,Zone_B,0
112894,621,0.52,Zone_A,1
103138,465,0.13,Zone_B,0
62588,670,0.52,Zone_A,0
102901,738,0.41,Zone_B,0
188743,749,0.34,Zone_A,1
123038,780,0.54,Zone_B,0
178709,703,0.52,Zone_B,0
171732,720,0.25,Zone_A,0
147211,685,0.5,Zone_A,1
46922,737,0.15,Zone_B,1
133697,605,0.51,Zone_B,1
157217,567,0.44,Zone_A,1
109506,614,0.14,Zone_B,0
164338,697,0.44,Zone_B,0
67843,576,0.39,Zone_A,1
180118,629,0.4,Zone_A,1
143064,632,0.25,Zone_A,0
166417,743,0.23,Zone_B,0
156585,733,0.48,Zone_B,0
70346,686,0.23,Zone_B,0
163152,716,0.32,Zone_A,0
151769,718,0.45,Zone_B,0
142391,651,0.14,Zone_A,1
113143,637,0.4,Zone_A,1
76787,803,0.39,Zone_B,0
73583,481,0.44,Zone_A,1
183635,621,0.28,Zone_B,0
161943,664,0.32,Zone_A,1
151233,725,0.26,Zone_A,1
54925,771,0.5,Zone_A,1
123184,829,0.17,Zone_B,1
191180,673,0.58,Zone_A,1
116515,678,0.42,Zone_B,0
176427,709,0.54,Zone_A,1
86069,638,0.31,Zone_A,1
140854,585,0.27,Zone_A,1
94471,672,0.55,Zone_B,0
72705,740,0.15,Zone_B,0
168501,661,0.16,Zone_B,1
156361,713,0.25,Zone_B,1
127273,530,0.58,Zone_B,0
63241,681,0.42,Zone_A,0
198486,648,0.38,Zone_A,1
90818,578,0.45,Zone_B,0
191967,733,0.31,Zone_B,0
132307,828,0.48,Zone_B,1
106920,759,0.3,Zone_B,1
158642,764,0.51,Zone_A,0
105453,737,0.23,Zone_B,1
62689,732,0.24,Zone_B,0
179324,536,0.36,Zone_B,0
70844,670,0.32,Zone_B,0
135687,721,0.42,Zone_A,0
63365,723,0.28,Zone_A,1
177098,782,0.22,Zone_B,0
138303,597,0.33,Zone_A,0
68523,729,0.38,Zone_A,1
181554,595,0.17,Zone_B,0
152105,663,0.38,Zone_B,1
88888,675,0.26,Zone_A,0
153884,749,0.3,Zone_A,1
146968,740,0.24,Zone_A,1
90110,690,0.57,Zone_A,1
171565,508,0.44,Zone_A,1
122001,716,0.23,Zone_B,1
79767,659,0.42,Zone_A,0
69550,791,0.52,Zone_A,0
184905,772,0.3,Zone_A,1
174042,605,0.51,Zone_A,1
138315,727,0.18,Zone_A,0
135494,728,0.51,Zone_A,1
167424,722,0.37,Zone_A,1
153855,712,0.21,Zone_A,1
122681,730,0.3,Zone_B,0
141489,800,0.59,Zone_B,1
170546,636,0.49,Zone_A,0
68900,608,0.39,Zone_B,0
54126,743,0.16,Zone_B,1
151198,529,0.31,Zone_B,0
119303,732,0.23,Zone_B,0
107061,718,0.14,Zone_B,1
56978,492,0.37,Zone_B,0
96344,629,0.54,Zone_A,1
86648,806,0.44,Zone_A,1
41055,563,0.22,Zone_B,1
115582,697,0.39,Zone_A,1
121214,600,0.57,Zone_B,0
147954,623,0.46,Zone_A,0
78725,833,0.44,Zone_A,0
176327,690,0.58,Zone_A,1
93380,721,0.5,Zone_B,0
93333,671,0.17,Zone_A,0
82459,559,0.27,Zone_A,0
156518,585,0.58,Zone_B,0
76163,774,0.34,Zone_B,0
124730,692,0.16,Zone_A,0
59476,618,0.33,Zone_B,1
108580,678,0.45,Zone_A,1
145576,733,0.6,Zone_A,0
126593,716,0.26,Zone_B,0
149071,618,0.36,Zone_B,0
154832,554,0.54,Zone_A,1
178579,647,0.28,Zone_B,1
183190,769,0.15,Zone_A,0
108682,748,0.57,Zone_B,1
131713,713,0.34,Zone_B,1
144060,666,0.35,Zone_B,0
175486,639,0.41,Zone_B,0
123030,668,0.1,Zone_B,0
160360,743,0.57,Zone_A,0
125973,761,0.28,Zone_A,1
175009,659,0.3,Zone_A,1
76731,850,0.19,Zone_B,1
188572,687,0.29,Zone_A,0
154360,652,0.5,Zone_A,1
41750,798,0.5,Zone_B,1
105018,517,0.57,Zone_B,0
175099,718,0.3,Zone_B,1
176817,674,0.45,Zone_A,1
126984,796,0.35,Zone_A,0
147983,728,0.5,Zone_B,1
68451,691,0.46,Zone_A,1
133743,733,0.28,Zone_A,1
111474,596,0.27,Zone_B,0
52150,757,0.23,Zone_A,1
53406,572,0.39,Zone_B,0
190853,709,0.58,Zone_A,1
156047,683,0.2,Zone_B,0
163971,539,0.15,Zone_A,1
